structure,n,position,operation,avg_time_ns,movements
DynamicArray,100,begin,insert,1103160,1201920
LinkedList,100,begin,insert,46440,1000
DynamicArray,100,begin,remove,74840,10000
LinkedList,100,begin,remove,10220,100
DynamicArray,100,middle,insert,1758380,1101920
LinkedList,100,middle,insert,101060,52000
DynamicArray,100,middle,remove,7980,2550
LinkedList,100,middle,remove,11380,3924
DynamicArray,1000,begin,insert,208260,3001024
LinkedList,1000,begin,insert,31980,1000
DynamicArray,1000,begin,remove,886240,1000000
LinkedList,1000,begin,remove,57760,1000
DynamicArray,1000,middle,insert,95040,2001024
LinkedList,1000,middle,insert,615820,502000
DynamicArray,1000,middle,remove,62080,250500
LinkedList,1000,middle,remove,480740,376749
DynamicArray,10000,begin,insert,659280,21000000
LinkedList,10000,begin,insert,11880,1000
DynamicArray,10000,begin,remove,387160,19000000
LinkedList,10000,begin,remove,7400,1000
DynamicArray,10000,middle,insert,335340,11000000
LinkedList,10000,middle,insert,5903720,5002000
DynamicArray,10000,middle,remove,145820,9000000
LinkedList,10000,middle,remove,5841700,5002000
DynamicArray,100000,begin,insert,14940640,201000000
LinkedList,100000,begin,insert,6340,1000
DynamicArray,100000,begin,remove,4635220,199000000
LinkedList,100000,begin,remove,8580,1000
DynamicArray,100000,middle,insert,2579120,101000000
LinkedList,100000,middle,insert,59130940,50002000
DynamicArray,100000,middle,remove,2173520,99000000
LinkedList,100000,middle,remove,57565620,50002000
